<?xml version="1.0" encoding="UTF-8"?>
<project-private xmlns="http://www.netbeans.org/ns/project-private/1">
    <editor-bookmarks xmlns="http://www.netbeans.org/ns/editor-bookmarks/2" lastBookmarkId="0"/>
    <open-files xmlns="http://www.netbeans.org/ns/projectui-open-files/2">
        <group>
            <file>file:/C:/Users/limth/Desktop/RSW2S2G3_TEAM4_LEEXUEBAO_LIMTHYEHAN_TANJIAHAO/src/boundary/StudentRegistrationManagementUI.java</file>
            <file>file:/C:/Users/limth/Desktop/RSW2S2G3_TEAM4_LEEXUEBAO_LIMTHYEHAN_TANJIAHAO/src/control/StudentRegistrationManagement.java</file>
            <file>file:/C:/Users/limth/Desktop/RSW2S2G3_TEAM4_LEEXUEBAO_LIMTHYEHAN_TANJIAHAO/src/entity/Course.java</file>
            <file>file:/C:/Users/limth/Desktop/RSW2S2G3_TEAM4_LEEXUEBAO_LIMTHYEHAN_TANJIAHAO/src/adt/CircularLinkedList.java</file>
            <file>file:/C:/Users/limth/Desktop/RSW2S2G3_TEAM4_LEEXUEBAO_LIMTHYEHAN_TANJIAHAO/src/client/Client.java</file>
            <file>file:/C:/Users/limth/Desktop/RSW2S2G3_TEAM4_LEEXUEBAO_LIMTHYEHAN_TANJIAHAO/src/adt/SortedArrayList.java</file>
        </group>
    </open-files>
</project-private>
